id,name,genus
myid,Abelia,<b>Abelia'</b>
myid,Abeliophyllum,<b>Abeliophyllum</b>
myid,Abelmoschus,<b>Abelmoschus</b>
myid,Abies,<b>Abies</b>
myid,Abroma,<b>Abroma</b>
myid,Abromeitiella,<b>Deuterocohnia</b>
myid,Abrus,<b>Abrus</b>
myid,Abutilon,<b>Abutilon</b>
myid,Acacia,<b>Acacia</b>
myid,Acaena,<b>Acaena</b>
myid,Acalypha,<b>Acalypha</b>
myid,Acanthaceae,none
myid,Acantholimon,<b>Acantholimon</b>
myid,Acanthopale,<b>Acanthopale</b>
myid,Acanthophoenix,<b>Acanthophoenix</b>
myid,Feijoa,Acca
myid,Maple,<b>Acer</b>
myid,Achariaceae,none
myid,Achillea,<b>Achillea</b>
myid,Achimenes,<b>Achimenes</b>
myid,Acinos,<b>Acinos</b>
myid,Aciphylla,<b>Aciphylla</b>
myid,Acmena,<b>Acmena</b>
myid,Acoelorraphe,<b>Acoelorrhaphe</b>
myid,Acokanthera,<b>Acokanthera</b>
myid,Aconitum,<b>Aconitum</b>
myid,Acorus,none
myid,Acradenia,<b>Acradenia</b>
myid,Acrocomia,<b>Acrocomia</b>
myid,Actinidia,none
myid,Adansonia,<b>Adansonia</b>
myid,Adenandra,<b>Adenandra</b>
myid,Adenanthos,none
myid,Adenia,<b>Adenia</b>
myid,Adenium,<b>Adenium</b>
myid,Adenocarpus,<b>Adenocarpus</b>
myid,Adenophora,<b>Adenophora</b>
myid,Adenostoma,<b>Adenostoma</b>
myid,Adiantum,<b>Adiantum</b>
myid,Adlumia,<b>Adlumia</b>
myid,Adromischus,<b>Adromischus</b>
myid,Aechmea,<b>Aechmea</b>
myid,Aegopodium,<b>Aegopodium</b>
myid,Aeonium,<b>Aeonium</b>
myid,Aerangis,<b>Aerangis</b>
myid,Aerides,<b>Aerides</b>
myid,Aeschynanthus,<b>Aeschynanthus</b>
myid,Aesculus,<b>Aesculus</b>
myid,Aethionema,<b>Aethionema</b>
myid,Afgekia,<b>Afgekia</b>
myid,Agapanthus,none
myid,Agapetes,<b>Agapetes</b>
myid,Agastache,<b>Agastache</b>
myid,Agathis,<b>Agathis</b>
